,importance,stddev,p_value,n,p99_high,p99_low
year_cat,0.04563949770107147,0.0037807046351330175,5.599453102618081e-06,5,0.053424020799701585,0.03785497460244136
rd_intensity,0.006369403479572644,0.0006894350214119324,1.6218304056862753e-05,5,0.007788959717664464,0.0049498472414808235
vol_60m,0.004706607698196641,0.001156091597513599,0.0004037979967953988,5,0.007087016276361109,0.0023261991200321727
acct_mom_log_mkvalt,0.0030833653962425434,0.00024795791398219547,4.975739265251465e-06,5,0.0035939141682744605,0.0025728166242106262
expvol_ann_return,0.0023368884603144568,0.0003166073329571619,3.9460115099185986e-05,5,0.0029887873348516335,0.00168498958577728
rental_ratio,0.0023259700502831883,0.00010975603718582783,5.931850432376114e-07,5,0.0025519592478384537,0.002099980852727923
interact_ret_vix,0.002312019485870187,0.0005098700682924951,0.0002663199307543204,5,0.0033618490036376857,0.0012621899681026889
expvol_reinvest_rate,0.0021802201801123912,3.781786886345495e-05,1.0859099796515826e-08,5,0.00225808769480074,0.0021023526654240423
max_dd_60m,0.002100921107403564,0.00036664696336228083,0.00010693043355274584,5,0.002855852272566072,0.0013459899422410557
expmean_rental_ratio,0.002093188140672475,0.00020937070450716765,1.1853332876338537e-05,5,0.0025242853150633975,0.0016620909662815528
roll_trend_5y_log_at,0.0020731871032474646,0.00038088695587574464,0.0001307720840734038,5,0.0028574386098128074,0.0012889355966821218
altman_z2,0.001964475940441246,0.00012690614547163374,2.0783195128331765e-06,5,0.0022257774479966727,0.0017031744328858194
expmean_capex_intensity,0.001954231390436445,0.00023807113668894824,2.5915465576232706e-05,5,0.002444423151371782,0.0014640396295011082
expmean_altman_z2,0.001896190402738407,0.0002180331120143822,2.061226808723296e-05,5,0.002345123593913879,0.0014472572115629347
roll_min_5y_gross_margin,0.0018591509494674473,7.94357917828506e-05,3.989616621615102e-07,5,0.002022710342667656,0.0016955915562672386
unrate,0.001722535455046903,0.00023932112122642955,4.3584990920162536e-05,5,0.0022153009514215365,0.0012297699586722695
expmean_dd1_ratio,0.0015908996981783608,0.0002166742452227376,4.028781180134132e-05,5,0.002037034963848302,0.0011447644325084199
expmean_ni_per_emp,0.0014781966435502224,0.00017270382207810163,2.1958212197703838e-05,5,0.0018337962002295256,0.0011225970868709192
mom_24m,0.001473532282768719,0.00020689478488097938,4.5437087319790794e-05,5,0.0018995315044284737,0.0010475330611089645
expmean_quick_ratio,0.0014697162229026616,0.00017210244697969342,2.2156274527645665e-05,5,0.0018240775399424552,0.001115354905862868
capex_intensity,0.00144840991846924,0.0003446796156101008,0.0003574183809908329,5,0.0021581100109889974,0.0007387098259494826
expmean_assets_per_emp,0.001445796234160679,0.0001270888891052471,7.091239172713571e-06,5,0.001707474013383501,0.001184118454937857
roll_min_3y_gross_margin,0.0014354244505032422,0.00016930573478937845,2.279992763018318e-05,5,0.0017840272984885068,0.0010868216025179775
expmean_log_emp,0.0014046977246915393,0.0001141014505299376,5.178492499418772e-06,5,0.0016396341883823215,0.001169761261000757
assets_per_emp,0.0013596989504958135,0.00035989932782042055,0.0005377941250262259,5,0.002100736640815397,0.0006186612601762299
roll_min_5y_asset_turnover,0.001263682461036164,0.00011791871370683025,8.993629394097897e-06,5,0.0015064787223683523,0.0010208861997039757
roll_min_5y_net_debt_ebitda,0.0012630221759162507,9.84895235483326e-05,4.401336236032272e-06,5,0.0014658134661721463,0.001060230885660355
expmean_rd_intensity,0.0012523085246968658,0.0001014647688347368,5.12631422217336e-06,5,0.0014612258861197275,0.001043391163274004
expvol_capex_intensity,0.0012252660397111149,0.00018281664491639796,5.774842366521776e-05,5,0.0016016880383885356,0.0008488440410336941
expmean_accruals_ratio,0.0012009478753157276,0.00023651517066278332,0.00017154923929975293,5,0.0016879358806974553,0.0007139598699340001
expmean_wcap_ratio,0.0011993164109075805,0.00025544456551307627,0.0002327071657478792,5,0.0017252803019181019,0.0006733525198970591
roll_min_5y_ocf_per_share,0.0011885608099830637,9.745916225811721e-05,5.376540814307451e-06,5,0.0013892305721012993,0.000987891047864828
div_yield,0.0011874372704056668,0.0003192683331793658,0.0005709768919350791,5,0.001844815181179293,0.0005300593596320404
roll_max_5y_earn_yld,0.001183408333033209,0.0002127031092464111,0.00012002149785582886,5,0.0016213669748409618,0.0007454496912254562
acct_mom_log_at,0.0011814725552789617,0.00017142354703771542,5.172202778368288e-05,5,0.0015344360079548281,0.0008285091026030954
expvol_mkt_to_book,0.001157120665225908,0.0001293898268660314,1.8452754140642816e-05,5,0.0014235361071005242,0.0008907052233512918
expvol_dd1_ratio,0.001134633545565622,6.697583334595678e-05,1.450161270628851e-06,5,0.0012725377121293395,0.0009967293790019047
expvol_altman_z2,0.0011299799538355027,0.00012248018119922927,1.6307553928740016e-05,5,0.0013821683397807212,0.0008777915678902842
roll_sd_5y_ocf_per_share,0.0011145078665888652,0.0001011803983957438,8.062629579516208e-06,5,0.0013228397053474232,0.0009061760278303071
expvol_accruals_ratio,0.0011074963879109446,0.00031621128732767223,0.0007176802834871943,5,0.00175857979902307,0.00045641297679881925
expvol_bp_ratio,0.001094070023455762,0.00010127092885006778,8.709531359192554e-06,5,0.001302588265671037,0.0008855517812404871
expmean_ann_return,0.0010796560793484345,0.0001587088323222835,5.445447664126517e-05,5,0.0014064397586891937,0.0007528724000076754
expmean_eff_int_rate,0.001074011315197021,0.0002452011040610586,0.00030453726901156705,5,0.001578883777498155,0.000569138852895887
expmean_reinvest_rate,0.001072725524378182,0.00021387537529551407,0.00017996810854615215,5,0.0015130978781834764,0.0006323531705728876
expmean_interest_cov,0.0010369904852747026,5.916329883495249e-05,1.2659284986740977e-06,5,0.0011588085352995598,0.0009151724352498453
roll_min_5y_interest_cov,0.0010230446528195491,9.686645518654317e-05,9.530658721952834e-06,5,0.0012224940228853316,0.0008235952827537667
expvol_roe,0.0010212676508957186,6.744449816737446e-05,2.2692786479531765e-06,5,0.0011601368048043711,0.000882398496987066
roll_min_5y_cash_pct_act,0.0010201806153725458,0.00031064713361922365,0.0009155281449797269,5,0.0016598073570941985,0.0003805538736508931
invest_st_ratio,0.001012477678831214,0.0001301870593384541,3.2092013607212135e-05,5,0.0012805346333854724,0.0007444207242769557
dd1_ratio,0.0009995890183473577,0.00010533913653891807,1.4583133639839957e-05,5,0.0012164837564225812,0.0007826942802721342
acct_mom_cash_pct_act,0.0009733482546766314,0.00011067239472329523,1.9715874489954568e-05,5,0.0012012242450669492,0.0007454722642863136
expmean_roa,0.0009669027616506121,0.00014454740200532624,5.8191491739363346e-05,5,0.0012645278602369885,0.0006692776630642356
roll_min_5y_roa,0.0009662936709019521,0.00014501857476594237,5.908922530626901e-05,5,0.0012648889207147367,0.0006676984210891673
expvol_std_debt_pct,0.000934424501511355,9.103980889231522e-05,1.0677092067126692e-05,5,0.001121876726324512,0.000746972276698198
roll_min_5y_log_mkvalt,0.0009333392555661346,0.0001101079388500749,2.281819731559794e-05,5,0.0011600530235118824,0.0007066254876203868
expvol_ocf_per_share,0.0009269416636902506,0.00013027987828938793,4.5617149133136166e-05,5,0.001195189733747376,0.0006586935936331252
vol_12m,0.0009142894123008505,0.0006731824660504973,0.019258809712771777,5,0.002300381414269289,-0.00047180258966758777
expvol_ocf_margin,0.0009134486389745344,0.00011241998229086038,2.698350971781993e-05,5,0.001144922936320696,0.000681974341628373
ann_return,0.00090232171655249,0.00035596404679969786,0.0023890056591410573,5,0.0016352566088590416,0.00016938682424593831
expmean_current_ratio,0.0008960823116117567,0.00015108767274325477,9.34158194836762e-05,5,0.001207173918043676,0.0005849907051798372
current_ratio,0.0008943205818304767,0.0001270064875092606,4.752507107531193e-05,5,0.0011558286950282513,0.0006328124686327022
roll_max_5y_accruals_ratio,0.0008941155622739005,0.0001203889828097089,3.8505947924295256e-05,5,0.0011419981418316631,0.0006462329827161378
expvol_log_at,0.0008917647168740662,8.134038857730883e-05,8.214908439661423e-06,5,0.0010592457011983896,0.0007242837325497428
roll_sd_5y_leverage,0.0008841179218550543,5.873678808268442e-05,2.323966068478338e-06,5,0.0010050577803459866,0.0007631780633641221
roll_min_3y_current_ratio,0.0008831619465982765,0.00010756997462752617,2.589655400862145e-05,5,0.001104650011131403,0.0006616738820651499
expmean_std_debt_pct,0.0008715511888155669,0.00011934550232334177,4.115789694269182e-05,5,0.001117285227629467,0.0006258171500016671
expmean_ocf_per_share,0.0008632841614423237,0.00010902406749131931,2.988657704554805e-05,5,0.0010877662232796996,0.0006388020996049478
bp_ratio,0.0008592627589674162,0.00019003603729733117,0.000269287225490673,5,0.0012505495863397852,0.0004679759315950473
trough_rise_rental_ratio,0.0008564727739250211,6.248122767709047e-05,3.37481329994802e-06,5,0.0009851224852944905,0.0007278230625555517
expvol_leverage,0.0008524284843002272,0.00013254922528608385,6.7949345753958e-05,5,0.0011253491711892582,0.0005795077974111963
roll_min_5y_leverage,0.0008485175908995001,8.715806589907927e-05,1.3172951872828045e-05,5,0.0010279772532381945,0.0006690579285608057
expmean_net_debt_ebitda,0.000848032437485835,0.00015016314264116757,0.00011319918448428216,5,0.0011572204236591928,0.0005388444513124771
expvol_log_emp,0.000844717866725353,4.279088222741406e-05,7.875080544942632e-07,5,0.000932824884664443,0.000756610848786263
expmean_log_at,0.0008389867307678989,0.00015363582074549902,0.0001291095664380333,5,0.0011553250091555873,0.0005226484523802105
roll_max_5y_gross_margin,0.0008376736155280229,0.00012872124632357904,6.485325617455622e-05,5,0.0011027124408249647,0.0005726347902310811
expvol_roic,0.0008362159035995465,0.000182727651350948,0.0002570209221252186,5,0.001212454663295684,0.00045997714390340897
expvol_div_yield,0.0008263030184150644,4.132757188452789e-05,7.484043746819489e-07,5,0.0009113970601330536,0.0007412089766970752
eff_int_rate,0.0008185739226121535,0.00010517389850699773,3.199501023683704e-05,5,0.0010351284332958206,0.0006020194119284864
compr_inc_ratio,0.0008160045411466533,7.950802001809518e-05,1.0680145613803148e-05,5,0.0009797126532815309,0.0006522964290117757
gross_margin,0.0008136269495673698,0.00015748717513082682,0.00016035081513774901,5,0.001137895219865823,0.0004893586792689169
expvol_rental_ratio,0.0008090983619342351,0.0001423469423180488,0.0001103708940297998,5,0.0011021926836109223,0.0005160040402575479
log_emp,0.0007852952730767581,0.0004911191184586832,0.011631000271998461,5,0.0017965163259707694,-0.00022592577981725317
roll_max_5y_current_ratio,0.0007847264151002564,0.00014675413952723772,0.0001401794254086645,5,0.0010868952167446023,0.0004825576134559103
roll_min_5y_ebitda_margin,0.0007828524996275954,0.00025468261946285265,0.0011736253269666091,5,0.0013072475331894927,0.000258457466065698
roll_sd_5y_current_ratio,0.0007695887558761827,8.383789004277152e-05,1.6636684102719437e-05,5,0.0009422121302370323,0.0005969653815153331
expmean_log_return,0.0007693637126123587,6.547014146130878e-05,6.232265666944348e-06,5,0.0009041676387747123,0.0006345597864500051
roll_max_5y_net_debt_ebitda,0.00076540554093949,0.00020143397697104196,0.0005260994417563078,5,0.0011801608836362974,0.00035065019824268267
roll_min_5y_earn_yld,0.0007632091597830293,0.00012071530729573968,7.266195096398426e-05,5,0.001011763645967813,0.0005146546735982456
roll_min_5y_accruals_ratio,0.0007609326680709794,7.48232002839486e-05,1.1075496100029448e-05,5,0.0009149946716221593,0.0006068706645197995
roll_max_3y_accruals_ratio,0.0007549757859197425,4.739840201344799e-05,1.8544923029566621e-06,5,0.0008525697507809675,0.0006573818210585176
trough_rise_net_debt_ebitda,0.0007446801447328344,2.2720347130842604e-05,1.0385398352940679e-07,5,0.0007914616535038087,0.0006978986359618601
roll_min_3y_accruals_ratio,0.0007439551175684623,0.00010350492067221822,4.382400063700999e-05,5,0.0009570731798225934,0.0005308370553143312
interact_lev_rate,0.0007330924802486649,8.895322671249384e-05,2.551027178810236e-05,5,0.0009162484035139391,0.0005499365569833907
roll_max_3y_gross_margin,0.000732099262323338,0.0001580070016395821,0.00024496470206980845,5,0.001057437862588084,0.000406760662058592
expmean_invest_st_ratio,0.000729499680156831,0.00010647656145454987,5.294931454887689e-05,5,0.0009487363918542234,0.0005102629684594387
peak_drop_log_emp,0.0007226472298811348,9.730998713455955e-05,3.851925999146671e-05,5,0.000923009838358146,0.0005222846214041237
mom_6m,0.0007204298392188057,0.00017853477232901226,0.0004177871084853165,5,0.001088035403057031,0.00035282427538058054
roll_sd_3y_net_debt_ebitda,0.0007203465027524781,0.00010637267666781307,5.5438713580169644e-05,5,0.000939369314238139,0.0005013236912668171
expvol_altman_z4,0.000718149537883428,7.737369467477924e-05,1.5922199557078325e-05,5,0.0008774630446369068,0.0005588360311299492
roll_trend_3y_interest_cov,0.0007079377263759401,7.091178319159324e-05,1.1920293804477305e-05,5,0.000853946068072431,0.0005619293846794493
expvol_rd_intensity,0.0007047672682132244,9.918937118531603e-05,4.586433824026493e-05,5,0.0009089995544265912,0.0005005349819998577
expvol_cash_pct_act,0.0007004478695414651,9.52211251288575e-05,3.999308950103759e-05,5,0.0008965094822775946,0.0005043862568053356
acct_mom_leverage,0.0007002362163043951,9.601501386914397e-05,4.1376158691661244e-05,5,0.0008979324569294829,0.0005025399756793073
roll_min_3y_interest_cov,0.0006993079356360399,5.776438116674674e-05,5.536142026241549e-06,5,0.0008182455948469647,0.0005803702764251152
roll_mean_5y_gross_margin,0.0006974250966743645,0.00011929465767759698,9.883707768260997e-05,5,0.000943054445659928,0.0004517957476888009
std_debt_pct,0.0006952562030725584,8.775592982821128e-05,2.9822091562573014e-05,5,0.0008759468755046933,0.0005145655306404236
acct_mom_net_debt_ebitda,0.0006880791406398857,0.0002011507124793836,0.0007848367780185424,5,0.001102251237833237,0.00027390704344653423
cash_div_cf,0.0006865255295477324,0.00016072756449531144,0.0003356027235436411,5,0.0010174658063345997,0.00035558525276086503
roll_sd_5y_asset_turnover,0.0006731962895505595,0.0003157213865933251,0.004427009439885549,5,0.0013232709882795163,2.312159082160266e-05
trough_rise_leverage,0.0006665206127648871,7.457595971405775e-05,1.8497269093177197e-05,5,0.0008200735445654339,0.0005129676809643403
altman_z4,0.0006633436488788114,0.00036141344866906885,0.007401588853997017,5,0.0014074989349531358,-8.081163719551312e-05
roll_max_5y_log_mkvalt,0.000653862354405299,0.00016497013253371522,0.0004475765193717429,5,0.0009935381374217617,0.0003141865713888364
roll_mean_3y_gross_margin,0.0006525176690601153,0.00014272314477033367,0.0002579778497064754,5,0.0009463865967857276,0.000358648741334503
expmean_bp_ratio,0.000649415324191116,0.00013169914699406122,0.00019229849444718888,5,0.0009205856881275417,0.0003782449602546902
roll_max_5y_leverage,0.0006456509955922174,8.75639476802032e-05,3.9620044507126e-05,5,0.0008259463741281284,0.0004653556170563064
acct_mom_asset_turnover,0.0006385361120701428,0.0002544655908603626,0.0024783713631124373,5,0.001162484280739859,0.00011458794340042644
roll_mean_5y_current_ratio,0.0006287564611862972,0.000248659388847318,0.0024106119530718593,5,0.0011407495796609147,0.00011676334271167976
roll_sd_5y_roic,0.0006276758238357383,8.934616638530135e-05,4.7962370758193e-05,5,0.0008116408153183266,0.00044371083235315
roll_sd_5y_gross_margin,0.0006255326526898753,0.00013455640859113616,0.00024180721294132437,5,0.0009025861577462305,0.0003484791476335201
roll_sd_5y_net_debt_ebitda,0.0006229022560569675,0.00010950048778142955,0.00011002215025310562,5,0.0008483652738565084,0.00039743923825742646
expmean_cash_pct_act,0.0006158389794091113,0.00015220133805539854,0.0004134469528116771,5,0.0009292236381112251,0.0003024543207069975
acct_mom_gross_margin,0.0006141884489675675,8.473710399914478e-05,4.2396167839815666e-05,5,0.0007886633172930474,0.0004397135806420877
expvol_current_ratio,0.0006125107953934839,8.989877702116247e-05,5.412143770902695e-05,5,0.000797613619813201,0.0004274079709737668
asset_turnover,0.0006108091469228416,0.0004307164227769424,0.016912350465623446,5,0.0014976602145541735,-0.0002760419207084902
mom_1m,0.0006069412025978993,3.881426601050147e-05,1.9961621236138096e-06,5,0.0006868603127836893,0.0005270220924121094
trough_rise_accruals_ratio,0.0006027594751844889,0.00017367452649748308,0.0007429206984771102,5,0.0009603577256798593,0.00024516122468911847
expvol_roa,0.0005982212561315592,0.000194126698153157,0.0011626023310928404,5,0.0009979308107450151,0.00019851170151810338
roll_min_3y_leverage,0.0005935720364347973,6.062316239700193e-05,1.2877325032662549e-05,5,0.0007183959657113731,0.0004687481071582216
expvol_invest_st_ratio,0.0005904484777430108,8.146605065120683e-05,4.240491516766115e-05,5,0.0007581882020143246,0.000422708753471697
roll_min_3y_log_at,0.000590304295490518,0.00011298647678368223,0.00015348346476118927,5,0.0008229450128271856,0.00035766357815385035
roll_max_5y_interest_cov,0.0005821546487857487,0.0001684918174119523,0.0007556638465564257,5,0.0009290816296413592,0.00023522766793013824
expvol_ebit_roa,0.0005789271681329478,5.4892795649999474e-05,9.584263794785481e-06,5,0.0006919521930753602,0.0004659021431905354
expmean_ev_to_sales,0.0005773105572010273,0.0001661891272763233,0.0007403371736094199,5,0.0009194962672408177,0.0002351248471612369
roll_max_5y_roic,0.0005760563714841238,9.641115043115088e-05,9.073652413796711e-05,5,0.000774568262765573,0.00037754448020267456
expmean_gross_margin,0.0005738679090148358,0.00010744371122589448,0.00014080788565245305,5,0.0007950959954588571,0.0003526398225708145
expvol_wcap_ratio,0.0005721554178530708,7.477270956439446e-05,3.421938323732484e-05,5,0.0007261134603148328,0.0004181973753913088
roll_autocorr_5y_roic,0.0005693544722647603,7.043902176021976e-05,2.754812743453774e-05,5,0.0007143893916397957,0.0004243195528897248
roll_mean_5y_net_debt_ebitda,0.0005664537704476169,0.00012998839885208755,0.00031063301484172566,5,0.0008341016803146669,0.000298805860580567
acct_mom_ebitda_margin,0.0005650025003553604,0.00012799636618569948,0.00029554380933179326,5,0.0008285487874295,0.00030145621328122094
expmean_ebit_roa,0.0005636952354182379,0.00013265660840985316,0.00034238251639170247,5,0.0008368370256433024,0.0002905534451931733
expvol_eff_int_rate,0.0005621909578885864,4.092884498734355e-05,3.3473480549656486e-06,5,0.0006464640154142816,0.00047791790036289124
yoy_rd_intensity,0.0005590425032338198,6.474929884885506e-05,2.121358078752589e-05,5,0.0006923622044940275,0.0004257228019736121
expvol_asset_turnover,0.0005588112478866591,7.030681335875487e-05,2.944417197952075e-05,5,0.0007035739483357641,0.00041404854743755414
roll_min_3y_earn_yld,0.0005572473022654511,0.00012037387361339787,0.0002457931317348409,5,0.0008050987717791782,0.0003093958327517241
roll_sd_3y_earn_yld,0.0005554359616909199,8.962855447817422e-05,7.861423242666727e-05,5,0.0007399823941597516,0.00037088952922208814
peak_drop_bp_ratio,0.0005539803504046814,6.506114196233107e-05,2.2415352218751918e-05,5,0.0006879421409456661,0.0004200185598636967
mkt_to_book,0.000552475531178187,0.00020949087996512207,0.00206824480721552,5,0.0009838201484980388,0.00012113091385833525
expvol_assets_per_emp,0.0005512471654386175,1.329734832067359e-05,4.059934980637434e-08,5,0.0005786265894197697,0.0005238677414574653
roll_max_3y_current_ratio,0.0005507121339438425,0.0001031511375520745,0.000141036595273155,5,0.0007631017518637953,0.0003383225160238898
roll_mean_5y_ebitda_margin,0.000547266465363383,0.00017571076836283523,0.001117186006253554,5,0.0009090573660033668,0.00018547556472339906
roll_sd_3y_roic,0.0005466390036464652,0.00010362471743741171,0.00014781030674806175,5,0.0007600037290958969,0.0003332742781970335
expmean_ocf_margin,0.0005445747278588264,9.240732527479906e-05,9.578223031148595e-05,5,0.0007348426878046026,0.0003543067679130502
roll_max_5y_cash_pct_act,0.000541779538353726,7.967586318415948e-05,5.454776538932948e-05,5,0.0007058332418873691,0.00037772583482008294
expvol_log_return,0.000536706867848058,7.08235505684919e-05,3.555713684218843e-05,5,0.0006825335373540787,0.00039088019834203737
expvol_net_debt_ebitda,0.0005361466501086154,8.908809454597299e-05,8.820725600682065e-05,5,0.0007195802681070947,0.0003527130321101361
roll_min_5y_current_ratio,0.0005327906862529375,0.0002760231472833541,0.006242655174597116,5,0.0011011261615546872,-3.5544789048812275e-05
roll_sd_5y_log_at,0.0005326188241965513,8.550000600585563e-05,7.701997717858709e-05,5,0.0007086645182982751,0.0003565731300948275
roll_mean_3y_current_ratio,0.0005325565079528527,7.82455349777578e-05,5.4344923165682326e-05,5,0.0006936651459402781,0.00037144786996542745
expmean_div_yield,0.0005309816842768988,0.0003031164732172398,0.008645593214021498,5,0.0011551026921460788,-9.313932359228112e-05
accel_log_emp,0.0005303751750589614,0.00010049913385189215,0.00014756636691012608,5,0.0007373042807056522,0.00032344606941227055
expvol_quick_ratio,0.0005298577786179593,4.808706277069264e-05,8.051978660959744e-06,5,0.0006288697054966542,0.0004308458517392644
consec_decline_gross_margin,0.0005282836686355096,9.625422035590299e-05,0.00012659273350118272,5,0.0007264724387230193,0.00033009489854799996
roll_min_3y_ebitda_margin,0.0005217819333671825,3.7073263279838945e-05,3.037741013709654e-06,5,0.0005981162948673234,0.00044544757186704164
roll_sd_3y_ocf_per_share,0.0005216528073538562,9.252410725738335e-05,0.00011393944318723268,5,0.000712161223015872,0.00033114439169184043
roll_sd_3y_leverage,0.0005194607148479635,5.2582029688384806e-05,1.2428242812729743e-05,5,0.0006277278407372316,0.00041119358895869536
expvol_earn_yld,0.000516737942147727,0.00010071677638575907,0.00016474911492578688,5,0.0007241151767797894,0.00030936070751566466
roll_trend_3y_earn_yld,0.0005149035113417577,8.013346275334872e-05,6.817688859244213e-05,5,0.0006798994187130595,0.00034990760397045584
expvol_ni_per_emp,0.0005085842103904836,7.890333651525778e-05,6.734426632531212e-05,5,0.0006710472708354048,0.0003461211499455625
roll_sd_5y_interest_cov,0.0005082816960220393,0.00010827223560468884,0.00023281068609969904,5,0.0007312157256134221,0.00028534766643065657
roll_mean_5y_asset_turnover,0.0005059563500445563,0.00013116263688923413,0.0004966188319473765,5,0.0007760220322597855,0.00023589066782932715
accel_ebitda_margin,0.0005057098241167734,9.962335932014092e-05,0.00017174180834836887,5,0.0007108356978980982,0.00030058395033544873
ni_per_emp,0.0005043232788094487,0.00020558873728678348,0.0026900385091548915,5,0.0009276333304212579,8.10132271976395e-05
expvol_log_mkvalt,0.0005023012230864099,5.326671197789291e-05,1.495078135019305e-05,5,0.0006119781192730902,0.0003926243268997297
roll_max_5y_asset_turnover,0.000501336363696292,0.00011559745136217952,0.0003164327448064731,5,0.0007393531137775892,0.0002633196136149947
expvol_ev_to_sales,0.0004985545720797013,3.132011361289876e-05,1.859267561177038e-06,5,0.0005630431188986336,0.00043406602526076905
quick_ratio,0.0004972518901977807,9.063026776162416e-05,0.000126757370686236,5,0.0006838608641623848,0.0003106429162331766
wcap_ratio,0.0004969868196762928,0.0001870061921875002,0.0020108711048967024,5,0.0008820351540906102,0.00011193848526197547
expmean_altman_z4,0.0004967042023360513,7.625967100948816e-05,6.463115808551917e-05,5,0.0006537239189652525,0.0003396844857068501
roll_mean_5y_cash_pct_act,0.0004963536714072125,8.95098489926528e-05,0.00012159033180253946,5,0.0006806556876406716,0.0003120516551737535
yoy_leverage,0.0004896855843534942,5.607514377744738e-05,2.027861011566994e-05,5,0.0006051450804321096,0.0003742260882748788
roll_sd_5y_roa,0.0004870675234608379,0.00021213727774785292,0.0034097478876191985,5,0.0009238611103924369,5.0273936529238855e-05
peak_drop_ocf_per_share,0.0004866888519524437,6.401934783599908e-05,3.5112930137118665e-05,5,0.0006185055739881857,0.00035487212991670164
roll_max_3y_net_debt_ebitda,0.00048435409942610975,3.97161709757599e-05,5.376694835495513e-06,5,0.0005661302444010182,0.00040257795445120133
expmean_leverage,0.0004822875340750432,9.263000074704393e-05,0.00015556055135905244,5,0.0006730139858958737,0.0002915610822542127
roll_sd_3y_asset_turnover,0.0004818430490940662,0.00018337837398999226,0.0020961024896166136,5,0.0008594216556979385,0.00010426444249019386
roll_mean_3y_net_debt_ebitda,0.000471757357932967,4.616418523515071e-05,1.0864319744603576e-05,5,0.0005668100533889891,0.0003767046624769449
trough_rise_dd1_ratio,0.0004701375692003795,6.950747390479544e-05,5.569999255859975e-05,5,0.0006132544186657367,0.00032702071973502236
expmean_roic,0.00046995930884727863,2.939135780381106e-05,1.8262378766154033e-06,5,0.0005304765207970611,0.0004094420968974962
roll_sd_5y_log_mkvalt,0.00046985511515031944,5.587370550954318e-05,2.3551076442439176e-05,5,0.0005848998470511474,0.0003548103832494915
peak_drop_interest_cov,0.00046115556474159993,0.00012863227831330938,0.0006567941111162038,5,0.0007260112036757279,0.000196299925807472
roll_min_3y_asset_turnover,0.00046090634310258505,0.00015547560880330895,0.0013433923862316071,5,0.0007810327705298774,0.00014077991567529264
yoy_log_emp,0.0004602433706937914,5.2216241393169596e-05,1.954503976039503e-05,5,0.0005677573334274799,0.0003527294079601029
roll_max_3y_cash_pct_act,0.0004599466844348532,8.574150873664514e-05,0.00013843826827885356,5,0.0006364896359971951,0.0002834037328725113
expvol_altman_z,0.0004551638031247807,6.0395529802548905e-05,3.634147124363108e-05,5,0.0005795190337431608,0.0003308085725064005
roll_mean_3y_ebitda_margin,0.00045494865155630836,9.797926050516128e-05,0.0002429276892117622,5,0.0006566893031537295,0.00025320799995888726
roll_autocorr_5y_gross_margin,0.00044959980078378424,5.433209774173352e-05,2.5101132330411476e-05,5,0.0005614703409834084,0.0003377292605841601
roll_trend_5y_asset_turnover,0.00044492009126646527,4.568226030879802e-05,1.3151142669548845e-05,5,0.0005389804966382169,0.00035085968589471366
peak_drop_earn_yld,0.00044379739849571554,0.00011040750550167833,0.0004240545775382273,5,0.0006711279783175659,0.00021646681867386515
roll_mean_3y_asset_turnover,0.000443640704863979,0.00023604772134772556,0.006833679627995224,5,0.0009296662256451665,-4.238481591720849e-05
roll_max_5y_roa,0.00044222264959019596,5.84987703326687e-05,3.590365824684512e-05,5,0.000562672426244091,0.00032177287293630094
roll_max_3y_earn_yld,0.00044158121236448356,4.074307553631986e-05,8.598853956214554e-06,5,0.0005254717680229143,0.00035769065670605284
roll_trend_3y_log_mkvalt,0.00043546558929312694,2.3333629814031977e-05,9.854494400479504e-07,5,0.0004835098555852557,0.00038742132300099817
acct_mom_ocf_per_share,0.00043246479371279457,7.940364082243369e-05,0.0001304568139782392,5,0.0005959579876411314,0.0002689715997844578
expmean_altman_z,0.00043243861906407945,1.4900783318843645e-05,1.6890112340690958e-07,5,0.00046311953786829055,0.00040175770025986836
roll_sd_5y_ebitda_margin,0.0004309785211221273,3.937015505034526e-05,8.26438266878927e-06,5,0.0005120422145241586,0.00034991482772009597
roll_trend_5y_net_debt_ebitda,0.0004304917404867492,0.00012634703135664175,0.0007966707031843187,5,0.000690642024351629,0.00017034145662186945
accel_eff_int_rate,0.0004296783128809434,6.350445223422597e-05,5.562631141240704e-05,5,0.0005604348577560211,0.00029892176800586567
interact_acc_hyspr,0.0004278778974458719,0.00010583432658557669,0.0004147496763531631,5,0.0006457922386714193,0.00020996355622032457
roll_autocorr_5y_log_at,0.0004267887227093592,4.995683614767169e-05,2.2121607231189926e-05,5,0.0005296505388142684,0.00032392690660445003
expmean_mkt_to_book,0.0004266878230108517,6.856210633010582e-05,7.731643885727293e-05,5,0.0005678581475735545,0.00028551749844814896
acct_mom_current_ratio,0.0004232508892286102,5.8860176507212345e-05,4.374811942625033e-05,5,0.0005444448061910547,0.00030205697226616567
roll_sd_3y_roa,0.0004214097643323589,9.07942325683209e-05,0.0002433228282568284,5,0.0006083563441001861,0.00023446318456453173
cash_pct_act,0.00041991356246140477,7.474901239170081e-05,0.00011556695173962614,5,0.0005738228121170608,0.0002660043128057488
altman_z,0.0004192787225312022,0.00013958920229652298,0.0012793009353137318,5,0.0007066948193875501,0.00013186262567485433
roll_trend_5y_interest_cov,0.000416660122674406,5.809726572348855e-05,4.4208022717850036e-05,5,0.0005362831957886156,0.0002970370495601964
roll_trend_5y_log_mkvalt,0.00041609273555374136,9.892393664951025e-05,0.0003561108225343081,5,0.0006197784883891889,0.00021240698271829386
ocf_margin,0.0004155917180608926,9.552587806304039e-05,0.0003126131224903236,5,0.0006122808213006378,0.00021890261482114732
roll_autocorr_5y_current_ratio,0.00041367238354181877,5.2004406688268015e-05,2.9350752776125162e-05,5,0.0005207501756902481,0.00030659459139338943
mom_3m,0.0004123811529439081,0.0001738987069595254,0.0030382793885812913,5,0.0007704409941091269,5.4321311778689316e-05
roll_max_3y_log_mkvalt,0.00041221721673108115,8.72267566109965e-05,0.00022687280475615473,5,0.0005918183141950196,0.0002326161192671426
ev_to_sales,0.0004110007650762748,0.000132230685841511,0.0011257931050500224,5,0.0006832655748462473,0.00013873595530630234
yoy_eff_int_rate,0.0004045814029423944,6.386126834029176e-05,7.208027290782095e-05,5,0.0005360726371115843,0.00027309016877320453
expmean_ebitda_margin,0.0004028975273300039,4.0527580841027436e-05,1.212185289748102e-05,5,0.0004863443764323743,0.00031945067822763355
yoy_log_at,0.00040098591335759883,9.428900216768064e-05,0.0003413116307969663,5,0.0005951282720333568,0.0002068435546818409
roll_sd_3y_cash_pct_act,0.0003984769441541358,0.00010278344390160023,0.00048717388797076813,5,0.0006101094757656958,0.0001868444125425759
roll_mean_3y_cash_pct_act,0.0003966915066858423,5.606428948940984e-05,4.662688406782623e-05,5,0.0005121286536353663,0.00028125435973631836
peak_drop_log_mkvalt,0.0003925425514734737,5.7241088704476696e-05,5.2753593009765026e-05,5,0.0005104027442719139,0.00027468235867503346
roll_sd_5y_cash_pct_act,0.0003919671457199403,0.0002231835073455713,0.008572368236726868,5,0.0008515050720683594,-6.757078062847883e-05
roll_autocorr_5y_cash_pct_act,0.00039130635138444613,3.3813902136291833e-05,6.624959234710702e-06,5,0.0004609296432408651,0.00032168305952802716
roll_mean_5y_earn_yld,0.00039053496971692693,0.00010902413957489963,0.0006588697713080946,5,0.000615017179975391,0.0001660527594584629
acct_mom_interest_cov,0.0003889971489503763,5.116715033996146e-05,3.510812343479077e-05,5,0.0004943510187055299,0.00028364327919522264
roll_min_3y_cash_pct_act,0.0003857380016361267,0.00017352589511233555,0.0038239788791307712,5,0.0007430302180551744,2.844578521707912e-05
acct_mom_roic,0.00038250890858340105,6.0317156255877675e-05,7.17984881840023e-05,5,0.0005067027669859477,0.00025831505018085444
yoy_asset_turnover,0.0003817836234845773,4.245713274501351e-05,1.8054571120486326e-05,5,0.0004692034466264965,0.0002943638003426581
roll_trend_5y_current_ratio,0.0003812563306336392,6.76522466671771e-05,0.00011413677470403189,5,0.0005205532415747747,0.00024195941969250366
log_mkvalt,0.0003809239902819339,9.498802116883199e-05,0.0004278858009043313,5,0.0005765056387425318,0.000185342341821336
acct_mom_accruals_ratio,0.000374127433206195,7.69978916109583e-05,0.0002036484661433525,5,0.0005326671562571163,0.00021558771015527377
roll_autocorr_5y_earn_yld,0.00037301044510442696,7.45623801346591e-05,0.00018179660364443264,5,0.0005265354163633022,0.00021948547384555172
roll_min_3y_net_debt_ebitda,0.0003700459674434331,0.00012835558502351417,0.001489953352003964,5,0.000634331891069565,0.00010576004381730118
roll_sd_3y_accruals_ratio,0.0003660963899173586,6.401274818337651e-05,0.00010773723647478905,5,0.0004978995231771339,0.0002342932566575833
roll_sd_3y_log_mkvalt,0.0003658189739103923,3.915171381695215e-05,1.5506567336707965e-05,5,0.00044643289379368855,0.000285205054027096
roll_trend_5y_leverage,0.00036278682360306734,2.034878472854498e-05,1.1827951745433708e-06,5,0.0004046852526092351,0.0003208883945968996
roll_autocorr_5y_asset_turnover,0.0003623917872257465,5.747702653785274e-05,7.34542925292593e-05,5,0.0004807377792841154,0.00024404579516737758
expvol_ebitda_margin,0.0003622732972259568,4.463568929366103e-05,2.7103486405078732e-05,5,0.0004541787984123927,0.00027036779603952096
expvol_gross_margin,0.0003609836248301912,0.00013568183009209122,0.002002805843861497,5,0.0006403543883119911,8.161286134839138e-05
peak_drop_asset_turnover,0.000360197296179976,8.702496450863615e-05,0.0003789028309540469,5,0.0005393829009160913,0.00018101169144386066
roll_sd_3y_log_at,0.00035987338894085676,8.212206385196804e-05,0.00030398619199636874,5,0.0005289638534596039,0.00019078292442210965
expvol_interest_cov,0.00035854358300184684,3.531051312536978e-05,1.114381926014718e-05,5,0.0004312484175701394,0.0002858387484335543
acct_mom_earn_yld,0.0003584611346335809,5.654277310315604e-05,7.18868358205222e-05,5,0.0004748834859571546,0.00024203878331000716
roll_sd_3y_gross_margin,0.0003581148461724526,4.353291062327762e-05,2.5695319111039307e-05,5,0.000447749710834548,0.0002684799815103572
yoy_dd1_ratio,0.00035796323394479137,9.405227596378431e-05,0.0005228188796862778,5,0.0005516181700948229,0.00016430829779475983
interact_nde_hyspr,0.0003570714120457952,5.4865916750296035e-05,6.483688574743864e-05,5,0.00047004109296221234,0.00024410173112937805
peak_drop_cash_pct_act,0.000354625423262922,4.710795398175994e-05,3.650304505576305e-05,5,0.00045162135161248287,0.00025762949491336116
roll_sd_5y_earn_yld,0.0003520632870538165,0.00016021721340558865,0.0039830289961694,5,0.000681952743893143,2.217383021448999e-05
roll_min_5y_roic,0.0003507821508865527,8.549820976394153e-05,0.0003919394301657229,5,0.0005268241465013487,0.00017474015527175674
roll_max_3y_roic,0.00034981447718360756,6.669821636744473e-05,0.00015119023990851593,5,0.00048714702655149413,0.00021248192781572102
roll_mean_5y_leverage,0.00034973094120045457,6.94964898036183e-05,0.0001776520080546942,5,0.0004928251742496716,0.00020663670815123758
roll_sd_3y_interest_cov,0.0003429960434066182,8.5198960166495e-05,0.00042155313001443695,5,0.0005184218799642028,0.00016757020684903356
trough_rise_eff_int_rate,0.0003427081015090705,4.925536708516139e-05,4.982305126782947e-05,5,0.0004441255831189382,0.00024129061989920284
roll_mean_5y_ocf_per_share,0.00034124909400767844,5.906711164504747e-05,0.0001035441229209021,5,0.000462869093279073,0.00021962909473628383
roll_sd_3y_ebitda_margin,0.0003412107557588584,6.957782253073863e-05,0.00019645877371846795,5,0.0004844724540173539,0.0001979490575003629
roll_min_3y_log_mkvalt,0.00033263559761307346,7.329259333221698e-05,0.00026542637288009906,5,0.00048354606029540166,0.00018172513493074525
expmean_roe,0.00033247711862172125,7.828355820738667e-05,0.0003430653598488336,5,0.0004936640469644893,0.00017129019027895326
roll_autocorr_5y_accruals_ratio,0.00033179691859539504,3.927493519417147e-05,2.3125093775781953e-05,5,0.00041266455299748627,0.0002509292841933038
expmean_asset_turnover,0.00033176666480552177,8.058506945099478e-05,0.00038677140792857677,5,0.0004976924366091448,0.00016584089300189877
roll_trend_5y_earn_yld,0.00033110643960776454,5.3985717344133136e-05,8.188176141808612e-05,5,0.00044226377778124363,0.00021994910143428544
accruals_ratio,0.00032930408168798666,6.333609085420838e-05,0.00015641385568637757,5,0.0004597139681546066,0.0001988941952213667
roll_autocorr_5y_interest_cov,0.00032892373390622784,1.4358198353670598e-05,4.346078839740461e-07,5,0.00035848746276782644,0.00029936000504462924
trough_rise_std_debt_pct,0.00032527873101426683,3.008122950060082e-05,8.677703749869064e-06,5,0.0003872163983227795,0.00026334106370575416
indpro_growth,0.00032112780145623356,0.00017275771248047176,0.007092796165399127,5,0.0006768383192188613,-3.458271630639415e-05
roll_autocorr_5y_leverage,0.00032092992825636377,5.383591603906716e-05,9.156032100532868e-05,5,0.00043177882347223795,0.0002100810330404896
roll_trend_5y_cash_pct_act,0.00031990862413961986,3.341629592251256e-05,1.4080524881005532e-05,5,0.00038871323930636536,0.00025110400897287435
roll_mean_5y_accruals_ratio,0.00031403828097320563,5.403720084280174e-05,0.00010117393790099416,5,0.00042530162438202097,0.0002027749375643903
roll_autocorr_5y_ocf_per_share,0.00031120949363510063,2.9397953624352577e-05,9.442537905634016e-06,5,0.00037174028647054196,0.0002506787007996593
acct_mom_roa,0.0003081258374811657,3.4753494792041944e-05,1.9095536055478888e-05,5,0.0003796837636023247,0.0002365679113600067
roll_autocorr_5y_net_debt_ebitda,0.00030769480928654057,6.0269895591568986e-05,0.0001679599574496063,5,0.0004317913573280638,0.00018359826124501736
roll_max_3y_roa,0.0003031367562978726,6.421765996170921e-05,0.00022787394195376704,5,0.0004353618057414167,0.0001709117068543285
accel_log_return,0.00030217664793275034,6.773836573947781e-05,0.0002837423844186173,5,0.00044165087923404514,0.00016270241663145555
peak_drop_wcap_ratio,0.0003015301209455368,6.873399016131672e-05,0.0003027187965071114,5,0.0004430543566923897,0.00016000588519868381
yoy_reinvest_rate,0.0002997217141662345,3.615671882785704e-05,2.492781879264951e-05,5,0.000374168897971754,0.00022527453036071495
roll_min_3y_roic,0.0002982061388032475,6.074560919045481e-05,0.0001956683054147807,5,0.00042328218771993734,0.00017313008988655771
yoy_assets_per_emp,0.0002975482548013275,6.066215333648718e-05,0.0001963043983346862,5,0.0004224524669612155,0.00017264404264143954
roll_autocorr_5y_ebitda_margin,0.00029524764325044027,6.268264345702519e-05,0.00022980795043373695,5,0.00042431207249465724,0.00016618321400622334
peak_drop_ocf_margin,0.0002924347362970758,0.00013018561353767292,0.003685241759663957,5,0.0005604887139275427,2.438075866660898e-05
roll_max_3y_ebitda_margin,0.0002919732569602651,0.0002072517876713559,0.01725469527080329,5,0.000718707552299708,-0.00013476103837917783
roll_mean_5y_roa,0.00029044932633066624,9.880392756826305e-05,0.00138609161694677,5,0.000493887978809124,8.701067385220848e-05
leverage,0.00028219011011851867,7.73424620814909e-05,0.0006143174897103959,5,0.0004414393085307365,0.0001229409117063008
roll_mean_5y_roic,0.000281406051652211,0.00010512820725480975,0.0019585781034196894,5,0.0004978664834161028,6.49456198883191e-05
roll_trend_3y_ocf_per_share,0.00027688689460072526,3.611303164140293e-05,3.3950085927708435e-05,5,0.0003512441258855147,0.00020252966331593583
accel_rd_intensity,0.0002698564840424744,5.203873763897538e-05,0.00015802457307162592,5,0.0003770049640929144,0.00016270800399203442
peak_drop_gross_margin,0.0002688863711111544,5.650804046122058e-05,0.00022090007957177842,5,0.0003852372074449269,0.00015253553477738197
roll_max_3y_leverage,0.00026758078417312705,6.911523578335092e-05,0.0004897544388489351,5,0.0004098900099251229,0.00012527155842113118
net_debt_ebitda,0.0002671497874059403,4.968945124781177e-05,0.00013722930527150607,5,0.00036946105430638585,0.00016483852050549477
ebitda_margin,0.0002671489397844784,3.180466109507829e-05,2.3657428037180333e-05,5,0.00033263517656637623,0.0002016627030025806
yoy_bp_ratio,0.0002644079511135988,2.0178723610806815e-05,4.039177173108202e-06,5,0.0003059562219278493,0.00022285968029934838
yoy_rental_ratio,0.0002620949761706681,5.147197796232845e-05,0.0001696760472371338,5,0.00036807649021344086,0.00015611346212789535
accel_std_debt_pct,0.0002618891642136578,5.595704649168602e-05,0.00023558413264056016,5,0.0003771054963486127,0.00014667283207870298
accel_ni_per_emp,0.00026182370487282114,0.00010245926754285303,0.0023200484961407647,5,0.00047278875288112715,5.0858656864515126e-05
roll_min_5y_log_at,0.000261762664468157,0.00011530759061140956,0.003549893774197224,5,0.0004991825872573176,2.434274167899641e-05
accel_div_yield,0.00025998415739254544,4.642599758601231e-05,0.00011700262334821215,5,0.00035557592809762285,0.00016439238668746804
yoy_ebit_roa,0.0002598428033672606,3.7523610849211294e-05,5.076645040512739e-05,5,0.00033710443673720404,0.0001825811699973172
yoy_net_debt_ebitda,0.0002596622765687506,6.639851766252854e-05,0.0004712306481001916,5,0.00039637774216093845,0.0001229468109765628
consec_decline_log_emp,0.0002583459906562835,2.1406019120564562e-05,5.604706905324255e-06,5,0.00030242127988815176,0.00021427070142441526
roll_trend_5y_ebitda_margin,0.0002573568592108444,8.7534701055025e-05,0.0013853880399943203,5,0.0004375920185412821,7.712169988040662e-05
cpi_inflation,0.00025585414338236134,6.782285539164777e-05,0.0005408574683644952,5,0.00039550234004524516,0.00011620594671947753
peak_drop_current_ratio,0.0002508572845314472,5.34717409064933e-05,0.00023340462553994888,5,0.00036095633811591656,0.0001407582309469778
roll_trend_5y_ocf_per_share,0.0002504696327722433,2.529300033487906e-05,1.231063272562452e-05,5,0.00030254827004817477,0.00019839099549631185
peak_drop_quick_ratio,0.00025033596706085514,7.24196064901217e-05,0.0007542964234208207,5,0.0003994489377693488,0.00010122299635236152
roll_trend_5y_roic,0.00024351326449680854,2.5976531771095982e-05,1.530575227514896e-05,5,0.0002969993024473191,0.000190027226546298
min_int_tcap,0.00024323907985626114,7.353208939256314e-05,0.0008908536885232634,5,0.0003946426682370294,9.183549147549286e-05
yoy_capex_intensity,0.00024228543746507292,5.05231410552863e-05,0.00021432071874560207,5,0.00034631328320192616,0.00013825759172821967
interact_cov_rate,0.0002399806166164753,6.74726857483985e-05,0.000676933539850343,5,0.00037890780914405004,0.00010105342408890054
accel_bp_ratio,0.00023638095105102953,4.9256405285580755e-05,0.00021372142520730103,5,0.0003378005703299101,0.00013496133177214894
roll_trend_3y_accruals_ratio,0.00023308401642658795,5.69998672673263e-05,0.0003969785647079981,5,0.000350447530951901,0.00011572050190127493
roll_trend_5y_accruals_ratio,0.0002328487352767805,4.0189095376523124e-05,0.00010239116857118406,5,0.00031559863812937025,0.00015009883242419076
accel_asset_turnover,0.00022981975494080765,6.933695649185203e-05,0.0008841760450606045,5,0.00037258550669611317,8.705400318550211e-05
roll_trend_3y_net_debt_ebitda,0.0002290283235863999,2.0018659391809825e-05,6.9335130955345036e-06,5,0.00027024701996141294,0.00018780962721138688
roll_trend_5y_gross_margin,0.0002260747465099966,0.00012770654448614538,0.008349735314928868,5,0.0004890242866989927,-3.687479367899942e-05
roll_trend_3y_cash_pct_act,0.00022501378994763677,3.9532980198073045e-05,0.00010977842108923559,5,0.0003064127425793223,0.00014361483731595125
accel_log_at,0.00021732240613232535,5.611398802160317e-05,0.0004890971989571383,5,0.0003328618830465421,0.00010178292921810864
accel_net_debt_ebitda,0.00021590499608798998,6.728114132485274e-05,0.0009987675664432012,5,0.0003544377960000587,7.737219617592121e-05
roll_sd_3y_current_ratio,0.00021589699577873045,4.9746469620418746e-05,0.0003155797853054751,5,0.0003183256642964514,0.0001134683272610095
expmean_earn_yld,0.0002150482186910274,6.180985792527266e-05,0.0007360104547237986,5,0.00034231557046218784,8.778086691986695e-05
roll_min_3y_roa,0.00021375626646513712,9.426450045570306e-05,0.0035638196821949344,5,0.00040784817577728356,1.9664357152990688e-05
accel_invest_st_ratio,0.00021345125513210216,2.4406944391259327e-05,2.0160752719227595e-05,5,0.000263705490973526,0.0001631970192906783
yoy_log_return,0.00021297318950381784,5.175775651568371e-05,0.0003875561250179939,5,0.00031954312553782844,0.00010640325346980723
roll_mean_5y_log_mkvalt,0.0002107908163602623,0.00011539258544539229,0.00752024222360759,5,0.00044838574468734676,-2.6804111966822163e-05
accel_reinvest_rate,0.0002099503356366661,5.2375598902084886e-05,0.0004285748916777844,5,0.000317792417683766,0.00010210825358956618
peak_drop_roe,0.00020917487780229836,2.9692925345841638e-05,4.744341294075666e-05,5,0.00027031302148922815,0.0001480367341153686
yoy_cash_pct_act,0.00020810346083568465,4.9267516202030625e-05,0.00035037161126568676,5,0.0003095459576451047,0.00010666096402626458
yoy_ni_per_emp,0.0002065239060391688,5.007715796643439e-05,0.00038420009441463417,5,0.0003096334664319346,0.000103414345646403
roll_mean_3y_accruals_ratio,0.00020499821002954998,3.334325439089098e-05,8.110485546349169e-05,5,0.0002736524316731454,0.00013634398838595455
roll_max_3y_log_at,0.00020043581078061924,6.795843130277099e-05,0.0013691609617068191,5,0.000340363160118364,6.0508461442874495e-05
roll_mean_5y_log_at,0.0002002577319784038,0.00015369907900560808,0.021764470742959945,5,0.0005167262599979789,-0.0001162107960411713
reinvest_rate,0.00019754636280351346,7.469461057594573e-05,0.0020469112165081354,5,0.0003513435983686168,4.374912723841012e-05
yoy_ocf_per_share,0.00019710579955538597,3.958548444565241e-05,0.00018515066911115388,5,0.00027861285915852326,0.00011559873995224868
yoy_std_debt_pct,0.0001964118237426593,3.599748644175622e-05,0.0001295373507454642,5,0.0002705311458643718,0.0001222925016209468
roll_mean_3y_interest_cov,0.00019392819147849848,4.397397918005796e-05,0.00029661857690597103,5,0.0002844712223952199,0.00010338516056177702
roll_trend_3y_gross_margin,0.00019379735946405406,2.4617594749130904e-05,3.058341059843163e-05,5,0.0002444853273038328,0.0001431093916242753
roll_autocorr_5y_roa,0.00019288722196544316,2.617794390949545e-05,3.972999269913381e-05,5,0.0002467879702927298,0.00013898647363815651
yoy_altman_z,0.00018774100462279897,2.5821582239559872e-05,4.1879434567218267e-05,5,0.00024090799934624655,0.0001345740098993514
roll_trend_3y_asset_turnover,0.00018471994482509578,6.085822590435102e-05,0.0012303389736862528,5,0.0003100278731122263,5.9412016537965285e-05
roll_mean_3y_leverage,0.00018439777218768328,3.4811566121093325e-05,0.000145442734684464,5,0.00025607526797799014,0.00011272027639737643
accel_assets_per_emp,0.00018378201124764627,1.7169673635922886e-05,9.036082154489791e-06,5,0.0002191346065741203,0.00014842941592117223
peak_drop_roic,0.00018357894629792427,3.0431898040354934e-05,8.738940342740386e-05,5,0.00024623864497654496,0.00012091924761930357
fedfunds,0.00018217754903047113,0.0001603512729908378,0.031975804245673436,5,0.0005123430364087259,-0.0001479879383477837
roll_mean_3y_earn_yld,0.0001817410425739796,3.620668337567307e-05,0.0001794255849345616,5,0.0002562911040740358,0.00010719098107392342
yoy_div_yield,0.00018132134618769057,6.604634580444496e-05,0.0017848759155316635,5,0.00031731168505655193,4.533100731882921e-05
yoy_quick_ratio,0.00018052786723168345,3.708940835564769e-05,0.00020227814061525,5,0.0002568954716660632,0.00010416026279730374
yoy_gross_margin,0.00017972287275391796,5.7283339739647446e-05,0.0010870027484374593,5,0.00029767006101774613,6.177568449008978e-05
interest_cov,0.00017901434487863633,5.3686142921937035e-05,0.0008643983691285815,5,0.00028955485517625514,6.847383458101753e-05
yoy_altman_z2,0.00017841730070371485,4.5733554031027765e-05,0.000475612087669279,5,0.00027258332055849204,8.425128084893764e-05
roll_autocorr_3y_asset_turnover,0.00017839539697674933,2.0813547746239572e-05,2.183683798257367e-05,5,0.00022125077946005782,0.00013554001449344084
accel_ann_return,0.0001777319435052549,1.9446723921318622e-05,1.6927946431170884e-05,5,0.00021777301684153825,0.00013769087016897154
roll_mean_5y_interest_cov,0.00017613736911124,5.342673760765265e-05,0.0009022488845946714,5,0.0002861437602813848,6.613097794109523e-05
yoy_ev_to_sales,0.000175380738232378,5.5736434885584646e-05,0.0010751713574994632,5,0.00029014282802119367,6.061864844356232e-05
yoy_log_mkvalt,0.00017494588741298056,2.7332650469704706e-05,6.922921715764882e-05,5,0.00023122419250747877,0.00011866758231848234
accel_mkt_to_book,0.00017285084274281103,3.616752567304185e-05,0.00021718713987057907,5,0.00024732027799193257,9.83814074936895e-05
roll_max_3y_interest_cov,0.00017264691658360753,3.1787226916620455e-05,0.000131879589740285,5,0.00023809725615109474,0.00010719657701612032
expmean_log_mkvalt,0.00016886119089039032,0.0001660341871402632,0.04266827801767905,5,0.0005107278770485329,-0.0001730054952677522
roll_autocorr_5y_log_mkvalt,0.00016792222951069746,2.5302853503941323e-05,6.0033269699911376e-05,5,0.0002200211545979134,0.00011582330442348152
accel_log_mkvalt,0.00016657222923508464,3.538385635630785e-05,0.00023030520815645956,5,0.00023942807852958987,9.371637994057943e-05
roll_trend_3y_leverage,0.00016232466528696144,3.2823623659269695e-05,0.0001901409329376717,5,0.0002299089600720887,9.474037050183419e-05
accel_roe,0.00016101196965327967,1.6740345409547145e-05,1.3822054605485604e-05,5,0.00019548057222769935,0.00012654336707886
accel_dd1_ratio,0.00015996465729621877,5.371898428636334e-05,0.0013211754126572746,5,0.0002705727884171072,4.935652617533032e-05
log_at,0.00015928100212894147,0.00011383074441701725,0.017611587399372398,5,0.0003936600781916646,-7.509807393378171e-05
yoy_interest_cov,0.00015790963901241017,2.2236965503669848e-05,4.596763175508381e-05,5,0.00020369585833199174,0.00011212341969282861
accel_current_ratio,0.00015595627196429707,5.94246468936664e-05,0.002105309988909535,5,0.00027831244125426036,3.3600102674333774e-05
accel_ocf_margin,0.00015487508575600105,3.2272550211982914e-05,0.00021372427023825692,5,0.00022132471269652035,8.842545881548175e-05
roll_max_5y_ebitda_margin,0.0001547614251712348,9.06586116470857e-05,0.009412165574994384,5,0.00034142875958775837,-3.190590924528875e-05
accel_interest_cov,0.00015444100787092018,1.1658634687927332e-05,3.867486972633273e-06,5,0.00017844629783281838,0.00013043571790902198
vix,0.00015272024828498764,0.00032171469225499445,0.17415572465640458,5,0.000815135246207609,-0.0005096947496376336
roe,0.00015242924880660703,2.8319243212594085e-05,0.00013661779135963698,5,0.0002107389619948753,9.411953561833876e-05
hy_spread,0.00015155499179897447,0.00023229808796567246,0.10918354233459217,5,0.0006298599656210737,-0.0003267499820231248
yoy_invest_st_ratio,0.00014571315968270326,3.243875110034319e-05,0.00027623326437554524,5,0.00021250499654949676,7.892132281590977e-05
yoy_mkt_to_book,0.00014297205230122677,4.841611795847233e-05,0.0013629709420961422,5,0.000242661508359586,4.328259624286752e-05
accel_ocf_per_share,0.0001418150663521356,2.8530883410293353e-05,0.00018641093620854482,5,0.00020056054963264505,8.306958307162612e-05
yoy_ocf_margin,0.00014170702851630247,2.1616199841648862e-05,6.30053944204048e-05,5,0.0001862150827578896,9.719897427471535e-05
roll_sd_5y_accruals_ratio,0.00014157677136463764,0.00018563857458326252,0.08166573650310575,5,0.0005238091622293455,-0.00024065561950007019
peak_drop_ebitda_margin,0.0001407726855202407,6.475650616895986e-05,0.004136842863797692,5,0.0002741072267521599,7.43814428832149e-06
roll_min_3y_ocf_per_share,0.0001339323364685896,0.00017842516189760084,0.08427831164362737,5,0.0005013122109135615,-0.00023344753797638232
roll_mean_3y_roa,0.00013278477616158747,4.838947872316726e-05,0.0017879445867401678,5,0.0002324193816662602,3.315017065691471e-05
accel_gross_margin,0.0001327227667372366,2.271058242453774e-05,9.897953584177662e-05,5,0.00017948416984296667,8.596136363150654e-05
roll_autocorr_3y_ocf_per_share,0.00013195980005951125,1.7877476226649293e-05,3.9453500054545335e-05,5,0.00016876977070316238,9.514982941586012e-05
yoy_roic,0.0001301668201018069,3.504350742827815e-05,0.0005738047516702944,5,0.00020232188624937688,5.801175395423696e-05
roll_autocorr_3y_earn_yld,0.00012950009701255815,6.776316988624314e-05,0.006458205173882479,5,0.00026902540039487247,-1.0025206369756177e-05
accel_earn_yld,0.0001277932156423578,4.500456448139258e-05,0.0015760435001226764,5,0.00022045823593872985,3.512819534598576e-05
yoy_roe,0.00012745993662328648,3.025951337738826e-05,0.0003541465334375558,5,0.00018976469289824955,6.515518034832342e-05
roll_trend_3y_roa,0.0001252560017686255,8.37565345909924e-05,0.014364471338372493,5,0.0002977118641298101,-4.719986059255915e-05
roll_trend_5y_roa,0.00012496705079623194,3.8056265626211025e-05,0.0009158489291515332,5,0.00020332542771408919,4.660867387837469e-05
roll_autocorr_3y_roa,0.00012164117040098787,4.926967112763161e-05,0.002628359943471773,5,0.0002230881042320046,2.019423656997115e-05
roll_trend_3y_log_at,0.00011781716822070187,3.761663711239008e-05,0.0010940278012299927,5,0.00019527034395228998,4.036399248911374e-05
roll_mean_3y_roic,0.0001177106454407495,2.415250903368732e-05,0.0002012673246636341,5,0.00016744099536426221,6.798029551723678e-05
yoy_current_ratio,0.00011276601315843849,2.535316211672472e-05,0.00028699804127910097,5,0.00016496852437471437,6.0563501942162614e-05
accel_altman_z4,0.0001109444629362244,1.9589631498319793e-06,1.1659589727516032e-08,5,0.00011497799513747654,0.00010691093073497227
accel_ebit_roa,0.0001107986768598579,4.1056230194234505e-05,0.0019008931299388952,5,0.00019533402228719222,2.6263331432523573e-05
accel_leverage,0.00010997825943577233,4.667715737627143e-05,0.0031092253347414834,5,0.00020608717162039046,1.3869347251154181e-05
earn_yld,0.00010794629359933694,0.00010521493889915342,0.04173892908751654,5,0.0003245853070176912,-0.00010869271981901732
roll_max_3y_asset_turnover,0.0001046413543648761,0.0002429488161133213,0.19501728574356103,5,0.0006048763246516913,-0.0003955936159219391
roll_mean_3y_log_mkvalt,0.00010408204153475876,2.9324112694061723e-05,0.0006822700669871499,5,0.0001644607948741411,4.370328819537641e-05
roll_autocorr_3y_gross_margin,0.00010128215940017338,3.801977392952724e-05,0.0019934152053970276,5,0.00017956539941018986,2.29989193901569e-05
yoy_wcap_ratio,9.929632333469663e-05,3.441132017934775e-05,0.0014849906437880587,5,0.00017014970719896256,2.8442939470430713e-05
accel_altman_z2,9.889953436243992e-05,2.6141708071639e-05,0.0005349680083249216,5,0.00015272567259874762,4.5073396126132215e-05
yoy_earn_yld,9.779168388741599e-05,2.248322148733724e-05,0.00031289827493451833,5,0.00014408494768098813,5.149842009384386e-05
accel_capex_intensity,9.727783142001733e-05,3.484096217683724e-05,0.0016773757462559063,5,0.00016901585409539758,2.5539808744637083e-05
accel_rental_ratio,9.708631824045799e-05,3.993279134103316e-05,0.0027780850302046487,5,0.00017930848754147565,1.4864148939440315e-05
accel_cash_pct_act,9.521076928897809e-05,5.141742983008125e-05,0.007184900263122172,5,0.00020107996797351856,-1.065842939556238e-05
yoy_accruals_ratio,9.369120106741402e-05,2.849027713926121e-05,0.0009108327424841084,5,0.00015235307547462997,3.502932666019805e-05
roll_trend_3y_current_ratio,9.340244233251305e-05,1.831758153269986e-05,0.0001687608013985499,5,0.00013111859588422407,5.568628878080203e-05
roll_autocorr_3y_roic,9.238580429713484e-05,2.2837048783721852e-05,0.00041375243822113926,5,0.00013940760338437583,4.536400520989385e-05
roll_autocorr_3y_ebitda_margin,8.923440555221873e-05,5.03282992303404e-05,0.008306414236402843,5,0.00019286106927850818,-1.4392258174070712e-05
accel_roa,8.908077258631408e-05,1.8432558340328892e-05,0.00020796631556380577,5,0.00012703366497408163,5.112788019854652e-05
yoy_ebitda_margin,8.26348671653987e-05,2.4144122785249387e-05,0.0007832299119015793,5,0.00013234794968746745,3.292178464332996e-05
roll_autocorr_3y_log_at,8.158660801023121e-05,2.6196755271272594e-05,0.0011174662456371845,5,0.00013552608919141764,2.764712682904478e-05
roll_autocorr_3y_log_mkvalt,7.917470765517187e-05,2.863071362341255e-05,0.0017377924441857784,5,0.00013812574272429394,2.022367258604981e-05
roll_autocorr_3y_accruals_ratio,7.907207797990257e-05,2.381221298201819e-05,0.0008780452690394439,5,0.00012810175362963728,3.004240233016786e-05
accel_accruals_ratio,7.792191439883744e-05,2.850588454809842e-05,0.0018134415854067635,5,0.00013661592467656652,1.922790412110834e-05
yoy_altman_z4,7.752317387887953e-05,2.1569620479783482e-05,0.0006505434186922846,5,0.00012193532057059063,3.311102718716842e-05
roll_autocorr_3y_leverage,7.497822860356163e-05,1.911866020184205e-05,0.00046615225606386787,5,0.00011434381420712026,3.5612643000003e-05
roll_autocorr_3y_current_ratio,7.15256771607109e-05,1.7741335974157107e-05,0.0004192435207751759,5,0.00010805533314282238,3.499602117859944e-05
yoy_ann_return,7.120860421652164e-05,4.561990159241659e-05,0.012557971104111693,5,0.00016514061212935478,-2.272340369631152e-05
yoy_roa,6.931132998435618e-05,4.057820712724007e-05,0.009393891108868818,5,0.00015286241930976806,-1.4239759341055702e-05
roll_autocorr_3y_interest_cov,6.904514530703398e-05,1.791509497300982e-05,0.0004983246405855897,5,0.00010593257346938777,3.215771714468019e-05
accel_wcap_ratio,6.555591877002164e-05,9.946568780145933e-06,6.168968197098742e-05,5,8.603604136453238e-05,4.507579617551091e-05
accel_quick_ratio,6.226779248770242e-05,1.4484985231070923e-05,0.00032741350234164515,5,9.209257728224918e-05,3.2443007693155663e-05
roll_autocorr_3y_cash_pct_act,6.12165502326345e-05,1.1628101592970493e-05,0.00014898125770932292,5,8.515897213000434e-05,3.727412833526465e-05
term_spread,5.974685265708324e-05,1.8843931837814124e-05,0.001044946139543728,5,9.854676876195885e-05,2.094693655220762e-05
roll_autocorr_3y_net_debt_ebitda,5.97162213408442e-05,1.5418911278506895e-05,0.000489074592969109,5,9.146397277529136e-05,2.7968469906397038e-05
consec_decline_roic,5.882907764842571e-05,1.3004384370033216e-05,0.0002687778944453388,5,8.56052848060172e-05,3.2052870490834225e-05
accel_ev_to_sales,5.729688527689181e-05,1.8032128984117098e-05,0.0010364855937970727,5,9.442528808569742e-05,2.01684824680862e-05
roll_trend_3y_roic,5.5189521292531293e-05,4.4723490473476346e-05,0.025441912948881533,5,0.00014727580632174818,-3.689676373668558e-05
accel_altman_z,4.9691217860936555e-05,2.209320110881133e-05,0.0036685997360938337,5,9.518142430446934e-05,4.201011417403775e-06
accel_roic,4.927291120657706e-05,3.2694827026309695e-05,0.014023446626274786,5,0.00011659201194428104,-1.8046189531126907e-05
consec_decline_current_ratio,4.580016087190053e-05,1.1068213451905465e-05,0.00037926289061638484,5,6.8589765348341e-05,2.301055639546007e-05
roll_trend_3y_ebitda_margin,4.538222837724426e-05,3.3164919857634144e-05,0.018833076903724155,5,0.00011366925675201868,-2.2904799997530158e-05
consec_decline_roa,4.511520165768612e-05,1.628573579321949e-05,0.0017266087486326619,5,7.864775674871452e-05,1.1582646566657722e-05
consec_decline_log_mkvalt,3.925422115840238e-05,2.105709598625989e-05,0.007024485452413747,5,8.261107283410711e-05,-4.102630517302339e-06
consec_decline_interest_cov,3.839597533594752e-05,1.553432993136684e-05,0.0026176223664477415,5,7.038137537188863e-05,6.410575300006413e-06
peak_drop_roa,3.800796308188748e-05,3.655284985273994e-05,0.040342865340707496,5,0.0001132707861427535,-3.725485997897855e-05
consec_decline_earn_yld,3.372939544483699e-05,9.319559325241598e-06,0.0006335271647479755,5,5.291849690550807e-05,1.4540293984165916e-05
consec_decline_wcap_ratio,3.3017087307563034e-05,1.4514286446911177e-05,0.003524066708345665,5,6.290220371051071e-05,3.131970904615356e-06
roll_mean_3y_log_at,3.175021734898031e-05,2.707648148197123e-05,0.029336813710549914,5,8.750106695710363e-05,-2.4000632259142997e-05
consec_decline_ocf_per_share,1.6801509470676378e-05,1.3911747663485261e-05,0.027031862436665378,5,4.544599019057909e-05,-1.1842971249226332e-05
gdp_growth,7.4038954585686765e-06,6.467137827374333e-05,0.40529000409950655,5,0.00014056315717764456,-0.00012575536626050718
recession,0.0,0.0,0.5,5,0.0,0.0
roll_max_5y_log_at,-2.0113100225516155e-05,0.00011325472799327102,0.6442171790071625,5,0.00021307995005932052,-0.00025330615051035284
log_return,-3.574920753022237e-05,0.00012607580483778975,0.7197502119803252,5,0.0002238426171835922,-0.00029534103224403694
interact_roa_gdp,-6.680433409131937e-05,0.00010146939629126246,0.892521145365961,5,0.000142122555328487,-0.0002757312235111257
roll_max_5y_ocf_per_share,-6.962027237640278e-05,0.00022417648912657947,0.7371828449141204,5,0.0003919622171835789,-0.0005312027619363845
peak_drop_ebit_roa,-7.117742730460286e-05,0.0001238314867814372,0.8659669468306631,5,0.00018379331551140977,-0.00032614817012061547
roll_mean_3y_ocf_per_share,-0.00012496817885792043,6.497614438856867e-05,0.9936802633678266,5,8.81860050389613e-06,-0.000258754958219737
roll_max_3y_ocf_per_share,-0.00013973980609820468,5.7670255583602014e-05,0.9971880931847391,5,-2.0995952763928772e-05,-0.00025848365943248057
roa,-0.00019259211945468201,6.0903834769005727e-05,0.9989446212194123,5,-6.719028188484596e-05,-0.00031799395702451804
ebit_roa,-0.0005620768329178017,0.00023097417045047893,0.9972312029205922,5,-8.649782355797051e-05,-0.0010376558422776328
roic,-0.0005984410888606906,0.00010564741593479056,0.9998881343929075,5,-0.0003809115992484917,-0.0008159705784728896
ocf_per_share,-0.0006839380053816679,0.00029191546456687587,0.9968276076756099,5,-8.288002913797905e-05,-0.0012849959816253567
max_dd_12m,-0.0013951183822845659,0.0002003087367611596,0.9999503758884584,5,-0.0009826799247323788,-0.001807556839836753
